{"train_accuracy": 0.9393725036878564, "test_accuracy": 0.7424793388429751, "confusion_matrix": [[208, 27], [12, 355]], "classification_report": {"0.0": {"precision": 0.9454545454545454, "recall": 0.8851063829787233, "f1-score": 0.9142857142857143, "support": 235.0}, "1.0": {"precision": 0.9293193717277487, "recall": 0.9673024523160763, "f1-score": 0.9479305740987984, "support": 367.0}, "accuracy": 0.9352159468438538, "macro avg": {"precision": 0.9373869585911471, "recall": 0.9262044176473998, "f1-score": 0.9311081441922564, "support": 602.0}, "weighted avg": {"precision": 0.9356179860563155, "recall": 0.9352159468438538, "f1-score": 0.9347967833079764, "support": 602.0}}, "f1_score": 0.7239230038239823}