{"train_accuracy": 0.876975, "test_accuracy": 0.8644, "confusion_matrix": [[4448, 700], [656, 4196]], "classification_report": {"0": {"precision": 0.8714733542319749, "recall": 0.864024864024864, "f1-score": 0.8677331252438548, "support": 5148.0}, "1": {"precision": 0.8570261437908496, "recall": 0.86479802143446, "f1-score": 0.8608945424702503, "support": 4852.0}, "accuracy": 0.8644, "macro avg": {"precision": 0.8642497490114123, "recall": 0.8644114427296621, "f1-score": 0.8643138338570526, "support": 10000.0}, "weighted avg": {"precision": 0.8644635677259408, "recall": 0.8644, "f1-score": 0.864415044882102, "support": 10000.0}}, "f1_score": 0.8608945424702503}